model_label,testing_period_start,testing_period_end,L1_neurons,L2_neurons,L1_activation,dropout,L1_regularisation,KGE,linear_correlation_coefficient
7-spi_L1_100_L2_20_dropout_0.0_testPeriod_1902_1912,1902,1911,100,20,relu,0.0,0.05,0.16227917747268694,0.4222895724942539
7-spi_L1_100_L2_20_dropout_0.2_testPeriod_1908_1918,1908,1917,100,20,relu,0.2,0.01,0.18777190667619892,0.5395990432288822
7-spi_L1_100_L2_20_dropout_0.2_testPeriod_1924_1934,1924,1933,100,20,relu,0.2,0.01,0.005411230748540108,0.37608134167423374
7-spi_L1_100_L2_20_dropout_0.0_testPeriod_1924_1934,1924,1933,100,20,relu,0.0,0.05,0.012741150484144037,0.5450897758187802
7-spi_L1_50_L2_5_dropout_0.2_testPeriod_1968_1978,1968,1977,50,5,linear,0.2,0.01,0.15155901613649392,0.3035793861733339
